{
  "sizes": [
    2,
    3,
    4,
    5
  ],
  "repeats": 3,
  "sw": [
    {
      "atoms": 64,
      "matscipy_ms": 2.6615409879013896,
      "numpy_ms": 3.5479170037433505,
      "numba_ms": 2.3199169663712382,
      "speedup": 1.1472570037989385
    },
    {
      "atoms": 216,
      "matscipy_ms": 7.884209044277668,
      "numpy_ms": 6.906083901412785,
      "numba_ms": 3.124500042758882,
      "speedup": 2.5233505957375635
    },
    {
      "atoms": 512,
      "matscipy_ms": 19.217791967093945,
      "numpy_ms": 21.014624973759055,
      "numba_ms": 8.686292101629078,
      "speedup": 2.21242755162352
    },
    {
      "atoms": 1000,
      "matscipy_ms": 36.6989579051733,
      "numpy_ms": 30.36183293443173,
      "numba_ms": 12.839625007472932,
      "speedup": 2.858257767171061
    }
  ]
}